frame	ulx	uly	urx	ury	lrx	lry	llx	lly
frame00001.jpg 303.00 308.00 415.00 308.00 422.00 465.00 310.00 465.00
frame00002.jpg 303.00 308.04 415.17 308.07 422.20 465.64 310.03 465.61
frame00003.jpg 303.10 308.07 414.82 308.24 421.61 465.56 309.89 465.39
frame00004.jpg 303.08 308.06 414.74 308.50 421.39 465.97 309.73 465.53
frame00005.jpg 303.07 308.09 414.86 308.02 421.90 465.10 310.10 465.17
frame00006.jpg 303.08 308.00 414.94 308.61 421.56 466.11 309.70 465.50
frame00007.jpg 303.03 308.02 414.79 308.87 421.44 466.51 309.68 465.66
frame00008.jpg 303.08 308.04 414.91 308.18 421.87 465.36 310.05 465.22
frame00009.jpg 303.12 308.10 414.81 308.24 421.43 465.39 309.73 465.25
frame00010.jpg 303.05 308.02 414.94 308.46 421.73 466.00 309.84 465.55
frame00011.jpg 303.12 308.13 414.81 307.93 421.63 464.94 309.94 465.14
frame00012.jpg 303.07 308.06 414.90 308.09 421.76 465.35 309.93 465.32
frame00013.jpg 303.07 308.04 415.07 308.11 422.03 465.36 310.04 465.30
frame00014.jpg 303.10 308.11 414.86 307.80 421.79 464.92 310.03 465.22
frame00015.jpg 303.11 308.11 414.87 308.25 421.52 465.36 309.76 465.22
frame00016.jpg 303.04 308.03 415.00 308.47 421.83 465.87 309.87 465.43
frame00017.jpg 303.12 308.10 414.81 307.90 421.70 464.98 310.01 465.18
frame00018.jpg 303.15 308.07 414.77 308.10 421.39 465.32 309.77 465.29
frame00019.jpg 303.06 308.03 415.06 308.00 422.06 465.43 310.06 465.46
frame00020.jpg 303.04 308.02 415.04 308.39 421.83 466.00 309.83 465.63
frame00021.jpg 303.08 308.05 414.77 308.22 421.56 465.72 309.87 465.55
frame00022.jpg 303.10 308.07 414.79 308.51 421.47 465.80 309.78 465.36
frame00023.jpg 303.06 308.09 414.99 308.16 421.71 465.41 309.78 465.35
frame00024.jpg 303.14 308.10 414.63 308.41 421.17 465.59 309.69 465.28
frame00025.jpg 303.12 308.10 414.78 308.27 421.43 465.42 309.77 465.25
frame00026.jpg 302.97 307.99 415.17 308.06 422.45 465.77 310.25 465.70
frame00027.jpg 303.07 308.03 414.86 308.37 421.72 465.84 309.93 465.50
frame00028.jpg 303.09 308.14 414.95 307.94 421.74 464.98 309.88 465.19
frame00029.jpg 303.12 308.10 414.84 308.20 421.42 465.42 309.70 465.32
frame00030.jpg 303.11 308.06 414.70 308.33 421.42 465.66 309.83 465.38
frame00031.jpg 303.09 308.07 414.92 307.93 421.81 465.26 309.99 465.39
frame00032.jpg 303.00 307.97 415.13 308.55 421.99 466.26 309.86 465.68
frame00033.jpg 303.10 308.16 414.89 307.92 421.72 464.90 309.92 465.13
frame00034.jpg 303.12 308.14 414.84 307.97 421.56 465.01 309.84 465.19
frame00035.jpg 303.06 308.05 415.09 308.02 422.06 465.31 310.03 465.34
frame00036.jpg 303.08 308.01 414.91 308.42 421.66 465.88 309.84 465.48
frame00037.jpg 302.98 307.91 414.98 308.83 421.98 466.85 309.98 465.93
frame00038.jpg 303.08 308.08 415.04 308.05 421.94 465.27 309.98 465.30
frame00039.jpg 303.04 308.00 414.90 308.48 421.83 466.08 309.97 465.60
frame00040.jpg 303.18 308.19 414.70 307.95 421.31 464.61 309.79 464.85
frame00041.jpg 303.07 308.08 414.93 308.01 421.86 465.13 310.00 465.20
frame00042.jpg 303.08 308.08 414.94 308.25 421.66 465.51 309.80 465.34
frame00043.jpg 303.10 308.00 414.69 308.78 421.27 466.39 309.68 465.60
frame00044.jpg 303.05 308.09 414.94 308.06 421.80 465.24 309.91 465.28
frame00045.jpg 303.12 308.10 414.88 308.07 421.53 465.15 309.77 465.18
frame00046.jpg 303.03 308.01 414.92 308.55 421.78 466.30 309.89 465.75
frame00047.jpg 303.13 308.11 414.85 307.97 421.57 465.02 309.85 465.16
frame00048.jpg 303.10 308.02 414.86 308.39 421.65 465.68 309.89 465.31
frame00049.jpg 303.08 308.07 414.80 308.10 421.73 465.46 310.01 465.43
frame00050.jpg 303.13 308.05 414.65 308.76 421.13 466.05 309.61 465.34
frame00051.jpg 303.04 308.03 414.83 308.61 421.69 466.00 309.90 465.43
frame00052.jpg 303.15 308.13 414.67 308.33 421.25 465.20 309.73 465.00
frame00053.jpg 303.01 308.05 414.90 308.59 421.76 466.02 309.87 465.48
frame00054.jpg 303.09 308.11 414.88 308.08 421.74 465.30 309.95 465.33
frame00055.jpg 303.05 308.02 415.01 308.29 421.94 465.69 309.98 465.42
frame00056.jpg 303.08 308.06 414.84 308.54 421.49 465.97 309.73 465.49
frame00057.jpg 303.11 308.05 414.73 308.36 421.42 465.79 309.79 465.48
frame00058.jpg 303.05 308.07 414.91 308.31 421.73 465.74 309.88 465.50
frame00059.jpg 303.09 308.07 414.88 308.34 421.64 465.56 309.85 465.29
frame00060.jpg 303.06 308.04 414.85 308.65 421.47 466.15 309.67 465.54
frame00061.jpg 303.14 308.04 414.83 308.28 421.59 465.53 309.89 465.30
frame00062.jpg 303.14 308.11 414.86 308.25 421.48 465.29 309.75 465.16
frame00063.jpg 303.05 307.91 415.25 308.49 422.22 466.20 310.02 465.62
frame00064.jpg 303.09 308.00 414.95 308.68 421.78 466.08 309.92 465.40
frame00065.jpg 303.10 308.04 414.99 308.35 421.68 465.67 309.78 465.37
frame00066.jpg 303.08 307.97 415.14 308.68 421.83 466.11 309.77 465.40
frame00067.jpg 303.08 307.95 414.94 308.80 421.66 466.30 309.80 465.45
frame00068.jpg 303.10 308.00 414.89 308.65 421.65 466.04 309.85 465.40
frame00069.jpg 303.12 308.05 414.88 308.22 421.63 465.40 309.88 465.23
frame00070.jpg 303.02 307.92 415.12 308.70 422.05 466.55 309.95 465.77
frame00071.jpg 303.10 308.03 414.86 308.17 421.89 465.46 310.13 465.32
frame00072.jpg 303.12 308.03 414.88 308.61 421.56 465.79 309.80 465.22
frame00073.jpg 303.13 308.04 414.92 308.38 421.64 465.53 309.85 465.19
frame00074.jpg 303.07 307.98 415.07 308.63 421.93 466.02 309.93 465.37
frame00075.jpg 303.10 308.02 414.93 308.53 421.61 465.89 309.78 465.38
frame00076.jpg 303.06 307.98 415.23 308.18 422.23 465.79 310.06 465.58
frame00077.jpg 303.09 308.02 414.98 308.46 421.67 465.86 309.78 465.42
frame00078.jpg 303.01 307.92 415.14 308.94 421.79 466.93 309.66 465.91
frame00079.jpg 303.07 308.04 414.83 308.65 421.48 466.12 309.72 465.50
frame00080.jpg 303.14 308.17 414.59 308.65 420.82 465.73 309.37 465.25
frame00081.jpg 303.04 308.04 415.04 308.28 421.86 465.78 309.87 465.54
frame00082.jpg 303.06 307.95 414.99 308.80 421.57 466.54 309.64 465.69
frame00083.jpg 303.10 307.94 414.96 308.96 421.43 466.67 309.57 465.65
frame00084.jpg 303.00 307.97 415.34 308.34 422.37 465.91 310.03 465.54
frame00085.jpg 303.06 308.07 415.06 308.38 421.95 465.46 309.95 465.15
frame00086.jpg 303.05 308.03 414.84 308.44 421.60 465.97 309.81 465.57
frame00087.jpg 303.13 308.21 414.58 308.07 421.27 464.84 309.82 464.98
frame00088.jpg 303.00 307.93 415.10 308.58 422.10 466.36 310.00 465.71
frame00089.jpg 303.00 307.84 415.30 308.96 422.16 467.20 309.86 466.08
frame00090.jpg 302.97 307.71 415.51 309.34 422.30 468.00 309.76 466.37
frame00091.jpg 303.06 307.76 415.40 308.88 422.26 467.01 309.92 465.89
frame00092.jpg 303.07 307.77 415.54 309.16 422.12 467.36 309.65 465.97
frame00093.jpg 303.00 307.80 415.40 309.23 422.16 467.43 309.75 466.00
frame00094.jpg 303.15 308.12 414.53 308.77 420.94 465.85 309.56 465.20
frame00095.jpg 303.10 308.21 414.69 308.21 421.34 465.15 309.75 465.15
frame00096.jpg 303.03 308.10 415.09 308.44 421.74 465.80 309.68 465.46
frame00097.jpg 302.97 307.83 415.37 308.88 422.34 467.12 309.93 466.07
frame00098.jpg 303.02 307.76 415.49 308.98 422.28 467.39 309.81 466.17
frame00099.jpg 303.07 307.81 415.41 309.03 422.06 467.06 309.72 465.83
frame00100.jpg 302.93 307.58 415.95 309.28 423.23 468.11 310.21 466.41
frame00101.jpg 303.08 307.66 415.72 308.88 422.65 467.33 310.01 466.10
frame00102.jpg 302.98 307.59 415.93 309.15 423.14 467.67 310.19 466.11
frame00103.jpg 303.08 307.71 415.42 309.44 422.10 467.71 309.77 465.98
frame00104.jpg 303.03 307.75 415.33 309.21 422.19 467.66 309.89 466.19
frame00105.jpg 303.00 307.67 415.40 309.47 422.33 468.09 309.93 466.29
frame00106.jpg 303.05 307.78 415.25 309.41 421.90 467.65 309.70 466.02
frame00107.jpg 302.99 307.64 415.39 309.58 422.29 468.34 309.88 466.40
frame00108.jpg 302.95 307.57 415.93 309.41 423.07 468.24 310.09 466.40
frame00109.jpg 303.08 307.70 415.65 309.13 422.41 467.40 309.84 465.97
frame00110.jpg 303.13 307.59 415.74 309.29 422.56 467.66 309.95 465.96
frame00111.jpg 303.15 307.68 415.72 309.14 422.48 467.27 309.90 465.81
frame00112.jpg 303.12 307.64 415.86 309.17 422.79 467.44 310.05 465.91
frame00113.jpg 303.16 307.53 416.04 309.54 422.83 468.02 309.95 466.01
frame00114.jpg 303.31 307.45 416.16 309.22 422.81 467.77 309.96 466.00
frame00115.jpg 303.52 307.24 416.16 309.18 422.53 468.36 309.89 466.42
frame00116.jpg 303.89 307.38 415.75 308.33 421.60 466.67 309.74 465.72
frame00117.jpg 304.06 307.53 415.07 307.70 420.98 465.73 309.98 465.56
frame00118.jpg 304.12 307.48 415.03 308.19 420.56 466.36 309.65 465.64
frame00119.jpg 304.19 307.52 415.00 307.79 420.74 465.61 309.93 465.34
frame00120.jpg 304.32 307.69 414.89 307.11 420.45 464.33 309.89 464.91
frame00121.jpg 304.18 307.36 415.26 307.77 421.17 466.32 310.10 465.91
frame00122.jpg 304.36 307.48 415.03 307.31 420.87 464.78 310.20 464.95
frame00123.jpg 304.46 307.54 414.96 307.23 420.56 464.42 310.06 464.72
frame00124.jpg 304.53 307.39 414.83 307.93 420.18 465.47 309.89 464.92
frame00125.jpg 304.59 307.33 414.72 307.98 419.90 465.76 309.77 465.11
frame00126.jpg 304.55 307.47 414.95 307.54 420.27 464.83 309.87 464.76
frame00127.jpg 304.46 307.46 414.93 307.49 420.49 465.17 310.03 465.13
frame00128.jpg 304.34 307.38 414.94 307.96 420.65 465.84 310.05 465.27
frame00129.jpg 304.35 307.59 414.78 307.52 420.38 464.81 309.95 464.88
frame00130.jpg 304.39 307.68 414.65 307.03 420.25 463.97 309.99 464.62
frame00131.jpg 304.34 307.57 414.77 307.37 420.44 464.94 310.01 465.14
frame00132.jpg 304.32 307.50 414.96 307.23 420.77 465.01 310.13 465.28
frame00133.jpg 304.27 307.36 415.18 307.94 420.99 465.89 310.08 465.31
frame00134.jpg 304.31 307.41 414.98 307.82 420.79 465.77 310.12 465.37
frame00135.jpg 304.35 307.51 414.92 307.34 420.76 464.87 310.19 465.04
frame00136.jpg 304.37 307.51 414.90 307.61 420.61 464.90 310.07 464.80
frame00137.jpg 304.37 307.53 414.87 307.50 420.47 464.86 309.97 464.89
frame00138.jpg 304.27 307.34 415.14 307.78 421.09 466.05 310.22 465.61
frame00139.jpg 304.39 307.53 414.69 307.22 420.53 464.62 310.24 464.93
frame00140.jpg 304.43 307.51 414.83 307.48 420.29 465.12 309.89 465.15
frame00141.jpg 304.52 307.45 414.92 307.52 420.24 465.02 309.84 464.95
frame00142.jpg 304.57 307.47 414.83 307.44 420.12 464.69 309.85 464.72
frame00143.jpg 304.65 307.40 414.98 307.64 419.92 465.10 309.59 464.87
frame00144.jpg 304.61 307.34 415.18 307.48 420.32 465.22 309.75 465.09
frame00145.jpg 304.68 307.44 415.04 306.83 420.26 463.98 309.90 464.59
frame00146.jpg 304.68 307.36 415.08 307.36 420.19 464.75 309.79 464.75
frame00147.jpg 304.79 307.43 414.88 307.06 419.71 464.10 309.62 464.48
frame00148.jpg 304.69 307.44 415.12 307.07 420.20 464.22 309.76 464.59
frame00149.jpg 304.62 307.36 414.92 307.87 419.92 465.51 309.62 465.00
frame00150.jpg 304.58 307.54 414.54 307.61 419.79 464.65 309.83 464.59
frame00151.jpg 304.36 307.52 414.96 307.28 420.88 464.71 310.27 464.95
frame00152.jpg 304.35 307.60 414.61 307.74 420.25 464.78 309.98 464.65
frame00153.jpg 304.35 307.62 414.61 307.59 420.14 464.77 309.88 464.80
frame00154.jpg 304.35 307.68 414.51 307.51 420.04 464.66 309.88 464.83
frame00155.jpg 304.30 307.55 414.97 307.14 420.89 464.57 310.22 464.98
frame00156.jpg 304.30 307.47 414.94 307.37 420.92 465.04 310.28 465.14
frame00157.jpg 304.31 307.51 414.81 307.71 420.51 465.28 310.01 465.08
frame00158.jpg 304.38 307.51 414.61 307.68 420.24 465.21 310.02 465.04
frame00159.jpg 304.34 307.49 414.84 307.59 420.69 464.95 310.19 464.85
frame00160.jpg 304.34 307.42 414.77 307.79 420.69 465.36 310.25 464.99
frame00161.jpg 304.36 307.52 414.72 307.42 420.57 464.81 310.20 464.92
frame00162.jpg 304.37 307.53 414.53 307.94 420.16 465.23 310.01 464.82
frame00163.jpg 304.38 307.54 414.64 307.88 420.35 465.03 310.08 464.69
frame00164.jpg 304.55 307.37 414.71 308.53 420.17 465.78 310.01 464.62
frame00165.jpg 305.35 307.21 415.37 307.35 419.22 464.01 309.20 463.87
frame00166.jpg 305.62 306.64 416.43 307.05 421.01 464.44 310.21 464.04
frame00167.jpg 306.52 306.25 417.67 305.50 421.69 462.34 310.55 463.09
frame00168.jpg 306.87 305.13 419.78 307.95 423.49 466.96 310.58 464.13
frame00169.jpg 307.49 304.79 420.54 307.34 424.18 466.45 311.13 463.90
frame00170.jpg 308.58 304.79 419.62 306.90 421.20 465.34 310.15 463.23
frame00171.jpg 309.26 304.64 420.24 304.98 421.95 461.82 310.98 461.48
frame00172.jpg 310.06 304.39 419.54 305.99 419.40 462.19 309.92 460.59
frame00173.jpg 310.21 304.10 420.44 306.14 420.75 462.38 310.53 460.34
frame00174.jpg 310.65 304.05 421.69 304.12 422.36 458.89 311.31 458.82
frame00175.jpg 310.98 303.91 421.11 305.27 420.76 460.11 310.63 458.75
frame00176.jpg 310.96 303.68 421.02 306.40 420.53 462.36 310.47 459.64
frame00177.jpg 310.93 303.76 421.12 305.87 420.74 461.51 310.54 459.41
frame00178.jpg 310.93 303.85 421.26 305.14 421.05 460.44 310.72 459.15
frame00179.jpg 310.91 303.62 421.24 306.27 421.10 462.44 310.77 459.79
frame00180.jpg 310.86 303.35 421.26 307.46 421.15 464.82 310.75 460.71
frame00181.jpg 311.08 303.35 421.31 307.50 421.31 463.98 311.08 459.83
frame00182.jpg 311.42 303.07 422.09 307.73 421.85 463.76 311.18 459.10
frame00183.jpg 311.88 302.66 422.07 309.43 420.60 466.12 310.41 459.35
frame00184.jpg 312.09 302.48 422.62 308.12 422.10 465.20 311.57 459.56
frame00185.jpg 312.39 302.12 423.54 307.97 422.52 465.75 311.38 459.90
frame00186.jpg 313.11 302.04 422.42 308.23 419.93 465.66 310.62 459.47
frame00187.jpg 313.26 301.85 422.84 308.07 420.53 465.75 310.95 459.52
frame00188.jpg 313.53 301.67 423.28 308.06 421.01 465.42 311.26 459.03
frame00189.jpg 314.33 301.74 423.81 305.92 420.91 461.57 311.43 457.38
frame00190.jpg 314.40 301.20 424.59 306.40 422.39 463.62 312.19 458.42
frame00191.jpg 314.99 301.04 425.66 306.14 422.72 461.99 312.05 456.89
frame00192.jpg 315.67 301.00 424.54 306.75 420.65 461.87 311.78 456.12
frame00193.jpg 315.77 300.67 425.52 307.50 422.13 462.87 312.38 456.03
frame00194.jpg 316.65 300.32 425.59 307.90 420.48 462.71 311.54 455.13
frame00195.jpg 316.73 299.66 426.28 308.19 422.29 464.85 312.74 456.32
frame00196.jpg 317.70 299.45 426.67 307.17 421.00 463.16 312.03 455.44
frame00197.jpg 317.95 298.38 428.76 307.12 423.86 465.53 313.05 456.79
frame00198.jpg 318.89 298.37 429.08 305.65 423.06 461.78 312.87 454.51
frame00199.jpg 319.72 297.22 430.19 307.69 422.66 465.37 312.19 454.89
frame00200.jpg 320.61 296.84 431.89 304.39 424.09 461.12 312.80 453.57
frame00201.jpg 321.37 296.14 432.35 304.61 423.70 462.00 312.72 453.54
frame00202.jpg 322.40 295.52 431.54 306.77 420.76 463.15 311.62 451.90
frame00203.jpg 323.01 294.81 433.68 306.23 422.58 462.51 311.91 451.08
frame00204.jpg 323.77 294.17 434.30 305.29 422.44 463.10 311.91 451.98
frame00205.jpg 324.84 293.76 434.56 304.57 422.03 461.16 312.31 450.35
frame00206.jpg 325.88 292.87 435.26 306.47 420.38 463.27 311.00 449.67
frame00207.jpg 326.84 292.44 436.46 305.63 420.50 461.24 310.88 448.05
frame00208.jpg 327.53 292.20 437.11 303.69 421.71 458.57 312.13 447.07
frame00209.jpg 328.39 291.98 436.03 304.70 418.50 458.98 310.86 446.26
frame00210.jpg 328.66 291.40 436.41 305.27 419.36 460.15 311.62 446.27
frame00211.jpg 329.32 290.88 437.10 305.87 419.00 460.78 311.22 445.79
frame00212.jpg 330.01 290.69 438.13 304.73 419.75 458.63 311.63 444.59
frame00213.jpg 330.88 289.85 439.82 305.18 420.64 459.67 311.70 444.34
frame00214.jpg 331.84 289.40 440.06 304.70 420.11 459.26 311.89 443.96
frame00215.jpg 332.43 288.83 440.75 304.71 420.45 460.32 312.13 444.44
frame00216.jpg 333.11 288.63 440.24 305.36 419.10 459.53 311.97 442.81
frame00217.jpg 333.39 288.68 440.29 303.81 419.39 456.06 312.50 440.93
frame00218.jpg 333.38 288.33 440.75 303.09 420.17 455.30 312.80 440.55
frame00219.jpg 333.29 287.91 440.53 301.20 420.86 454.01 313.62 440.72
frame00220.jpg 333.53 287.34 439.61 300.26 419.49 451.25 313.40 438.33
frame00221.jpg 333.28 285.98 440.55 299.14 420.85 452.16 313.57 439.00
frame00222.jpg 333.59 284.79 440.49 297.64 420.19 449.33 313.29 436.48
frame00223.jpg 333.58 283.22 440.31 296.17 420.04 448.74 313.32 435.78
frame00224.jpg 333.52 281.92 439.87 294.74 419.50 447.20 313.15 434.38
frame00225.jpg 333.52 280.49 439.46 294.23 418.57 446.09 312.63 432.35
frame00226.jpg 333.41 279.00 439.42 293.04 418.91 444.49 312.90 430.44
frame00227.jpg 333.35 277.38 438.48 292.31 418.04 445.12 312.91 430.19
frame00228.jpg 333.14 275.87 438.78 290.29 418.55 444.22 312.91 429.80
frame00229.jpg 333.23 274.48 438.56 288.79 418.23 441.81 312.89 427.50
frame00230.jpg 333.28 273.22 439.02 285.26 419.88 437.26 314.14 425.22
frame00231.jpg 333.73 271.92 438.65 282.36 419.86 433.42 314.94 422.98
frame00232.jpg 334.08 270.16 438.39 281.69 419.04 434.04 314.73 422.51
frame00233.jpg 334.13 268.30 439.26 281.12 420.22 434.87 315.09 422.06
frame00234.jpg 334.53 267.17 439.83 277.23 421.87 429.48 316.57 419.42
frame00235.jpg 335.02 265.50 440.08 277.50 421.15 430.17 316.09 418.17
frame00236.jpg 335.61 264.39 440.57 273.84 422.79 425.99 317.83 416.54
frame00237.jpg 336.17 262.96 441.67 273.33 423.65 426.21 318.14 415.84
frame00238.jpg 336.80 261.49 442.61 273.46 424.62 427.46 318.81 415.49
frame00239.jpg 337.62 260.97 443.12 269.67 425.45 422.48 319.94 413.78
frame00240.jpg 338.09 259.51 444.44 271.21 426.87 425.38 320.52 413.69
frame00241.jpg 338.94 258.48 444.85 269.97 426.68 424.95 320.77 413.46
frame00242.jpg 339.42 257.04 445.84 269.52 428.48 425.27 322.06 412.79
frame00243.jpg 339.96 256.24 446.75 265.25 430.69 419.98 323.90 410.97
frame00244.jpg 340.77 254.83 447.05 264.96 429.38 419.98 323.10 409.85
frame00245.jpg 341.46 253.19 448.36 263.73 430.89 418.99 324.00 408.45
frame00246.jpg 342.37 251.47 449.78 261.40 432.56 416.62 325.15 406.69
frame00247.jpg 343.34 249.69 450.61 259.52 433.22 414.88 325.95 405.05
frame00248.jpg 344.44 248.25 450.96 257.06 433.50 410.95 326.97 402.15
frame00249.jpg 345.37 246.62 451.89 254.27 434.88 407.75 328.36 400.10
frame00250.jpg 346.22 244.87 452.71 252.49 435.73 406.14 329.24 398.52
frame00251.jpg 347.02 243.03 453.58 250.75 436.81 405.10 330.26 397.38
frame00252.jpg 347.81 241.33 453.96 249.73 437.33 404.29 331.19 395.89
frame00253.jpg 348.45 239.41 455.62 248.76 438.96 404.83 331.79 395.48
frame00254.jpg 349.30 238.02 456.57 246.59 440.44 401.92 333.16 393.35
frame00255.jpg 349.73 236.71 457.71 243.92 442.63 400.30 334.64 393.09
frame00256.jpg 350.26 235.29 458.52 242.67 444.59 399.82 336.33 392.44
frame00257.jpg 351.20 233.99 458.57 242.25 444.22 399.02 336.85 390.75
frame00258.jpg 352.13 233.08 459.20 239.13 444.57 394.81 337.50 388.76
frame00259.jpg 352.45 231.33 461.69 237.21 448.43 394.64 339.19 388.76
frame00260.jpg 352.86 229.23 463.50 236.81 450.83 396.73 340.19 389.15
frame00261.jpg 353.93 227.72 463.17 235.85 449.56 395.45 340.32 387.32
frame00262.jpg 355.09 226.64 462.60 232.90 448.25 390.57 340.74 384.32
frame00263.jpg 355.70 225.08 464.30 230.66 449.91 388.30 341.31 382.72
frame00264.jpg 356.06 223.13 466.70 228.94 453.61 388.30 342.97 382.49
frame00265.jpg 356.61 221.30 466.84 228.75 454.20 389.19 343.97 381.74
frame00266.jpg 357.64 220.06 466.64 226.45 453.66 385.81 344.66 379.41
frame00267.jpg 358.49 218.80 467.43 223.76 454.58 382.73 345.64 377.77
frame00268.jpg 359.27 217.22 468.85 221.57 456.74 381.17 347.16 376.82
frame00269.jpg 360.14 215.70 470.27 220.15 459.17 379.79 349.05 375.34
frame00270.jpg 361.33 214.62 470.67 219.07 459.51 378.08 350.16 373.62
frame00271.jpg 362.14 213.35 472.40 217.50 462.67 377.69 352.41 373.55
frame00272.jpg 363.34 212.43 473.98 216.07 464.28 375.77 353.65 372.13
frame00273.jpg 364.30 211.22 476.23 214.55 468.18 376.04 356.25 372.71
frame00274.jpg 365.85 210.39 477.27 214.13 468.76 375.41 357.35 371.67
frame00275.jpg 366.98 209.35 480.20 212.78 473.06 376.09 359.84 372.66
frame00276.jpg 368.51 208.60 482.07 211.93 475.07 376.05 361.51 372.72
frame00277.jpg 370.55 208.36 483.70 210.57 476.00 372.48 362.85 370.27
frame00278.jpg 372.28 207.57 486.52 210.60 478.82 373.80 364.58 370.77
frame00279.jpg 373.88 206.62 489.45 211.04 481.99 376.83 366.43 372.42
frame00280.jpg 376.02 206.47 491.62 209.19 483.68 373.69 368.08 370.97
frame00281.jpg 378.13 206.11 492.88 209.99 483.08 374.03 368.33 370.15
frame00282.jpg 379.92 205.49 495.08 209.54 485.66 373.20 370.50 369.15
frame00283.jpg 381.68 204.78 497.08 208.83 487.87 373.15 372.48 369.10
frame00284.jpg 383.46 204.37 498.38 207.87 488.83 371.22 373.91 367.71
frame00285.jpg 385.04 203.65 500.33 206.23 491.51 369.37 376.22 366.78
frame00286.jpg 386.55 202.71 502.05 205.87 493.54 370.41 378.04 367.25
frame00287.jpg 388.50 202.08 503.15 204.63 493.91 367.80 379.26 365.25
frame00288.jpg 389.89 200.90 507.19 202.50 499.70 367.17 382.40 365.57
frame00289.jpg 392.15 200.11 508.12 201.67 499.58 365.12 383.61 363.56
frame00290.jpg 393.92 198.58 511.42 201.20 503.97 367.55 386.47 364.94
frame00291.jpg 396.41 197.87 513.34 200.25 504.66 364.72 387.73 362.34
frame00292.jpg 398.37 196.75 516.76 198.89 509.44 364.41 391.05 362.26
frame00293.jpg 400.85 196.13 518.52 198.14 510.16 362.64 392.48 360.63
frame00294.jpg 403.28 195.55 520.10 197.22 510.97 361.26 394.15 359.59
frame00295.jpg 404.95 194.50 523.61 196.57 515.67 362.58 397.01 360.50
frame00296.jpg 407.29 194.12 524.69 196.19 515.56 360.66 398.15 358.59
frame00297.jpg 409.22 193.82 526.38 194.84 517.39 358.05 400.22 357.02
frame00298.jpg 410.61 193.02 528.93 194.75 521.19 359.99 402.87 358.25
frame00299.jpg 412.05 192.44 531.56 195.30 524.07 361.90 404.56 359.04
frame00300.jpg 413.90 192.42 532.32 195.38 523.57 361.70 405.15 358.74
frame00301.jpg 415.45 192.22 534.45 195.11 526.12 361.22 407.12 358.33
frame00302.jpg 417.25 192.23 535.71 195.12 527.06 360.85 408.60 357.96
frame00303.jpg 419.32 192.47 537.27 193.73 527.99 357.63 410.05 356.38
frame00304.jpg 421.03 191.94 538.94 195.17 529.46 360.06 411.55 356.83
frame00305.jpg 422.90 191.74 541.12 193.07 531.67 357.08 413.45 355.75
frame00306.jpg 424.25 190.74 544.10 193.39 535.77 359.96 415.92 357.31
frame00307.jpg 426.13 190.28 545.33 193.48 537.00 359.90 417.80 356.71
frame00308.jpg 428.12 190.45 545.49 192.56 535.55 356.60 418.18 354.50
frame00309.jpg 429.48 189.85 547.56 190.60 537.90 354.05 419.82 353.30
frame00310.jpg 430.17 188.63 548.80 191.69 538.86 358.15 420.23 355.09
frame00311.jpg 430.91 188.05 548.55 190.60 538.15 355.48 420.51 352.93
frame00312.jpg 431.42 187.26 548.75 189.95 537.94 354.76 420.60 352.07
frame00313.jpg 431.62 186.61 548.04 190.15 536.07 354.54 419.65 351.00
frame00314.jpg 431.26 185.86 548.22 188.89 536.60 352.69 419.64 349.66
frame00315.jpg 430.53 184.99 548.75 187.40 538.07 351.97 419.86 349.56
frame00316.jpg 430.01 184.60 546.73 186.50 535.18 349.11 418.46 347.21
frame00317.jpg 428.87 183.42 546.61 185.87 536.11 349.88 418.37 347.43
frame00318.jpg 428.41 182.82 545.44 184.69 533.89 347.72 416.86 345.85
frame00319.jpg 427.92 181.96 544.20 183.59 533.14 346.10 416.86 344.46
frame00320.jpg 427.62 181.03 543.97 183.82 532.03 347.37 415.68 344.58
frame00321.jpg 427.62 180.43 543.36 183.01 530.55 345.55 414.81 342.97
frame00322.jpg 427.58 179.74 544.20 181.44 532.30 343.88 415.68 342.18
frame00323.jpg 427.68 178.90 544.64 181.65 533.02 345.56 416.06 342.80
frame00324.jpg 428.24 178.91 544.35 179.86 532.83 340.90 416.72 339.94
frame00325.jpg 428.93 178.38 544.60 178.89 533.43 339.75 417.76 339.24
frame00326.jpg 429.07 177.41 546.06 179.35 536.58 342.76 419.59 340.82
frame00327.jpg 429.74 177.06 547.24 177.47 538.42 340.29 420.92 339.88
frame00328.jpg 430.81 176.92 547.29 176.27 538.54 337.87 422.06 338.52
frame00329.jpg 431.49 175.97 549.61 175.39 542.99 339.93 424.88 340.50
frame00330.jpg 432.40 175.01 552.01 176.30 546.38 343.22 426.77 341.92
frame00331.jpg 433.93 174.99 553.68 174.85 548.29 340.33 428.54 340.47
frame00332.jpg 436.02 175.17 554.17 173.78 547.56 336.67 429.41 338.06
frame00333.jpg 437.81 175.15 556.10 172.57 549.52 334.27 431.23 336.85
frame00334.jpg 439.56 175.03 557.98 172.48 551.23 333.72 432.80 336.27
frame00335.jpg 441.55 175.00 558.92 172.59 551.08 333.31 433.71 335.72
frame00336.jpg 442.96 174.27 561.48 173.90 553.99 336.75 435.47 337.12
frame00337.jpg 444.29 173.89 563.22 174.94 556.01 339.69 437.08 338.64
frame00338.jpg 446.11 174.14 564.77 173.94 557.14 337.67 438.48 337.87
frame00339.jpg 447.66 174.06 567.07 173.65 560.24 337.38 440.83 337.79
frame00340.jpg 449.35 174.19 568.55 173.99 561.31 337.30 442.10 337.50
frame00341.jpg 451.22 174.65 569.98 173.63 562.00 335.47 443.24 336.49
frame00342.jpg 452.95 174.72 571.54 173.70 563.77 335.50 445.18 336.52
frame00343.jpg 454.65 174.83 573.34 174.49 565.68 336.29 446.99 336.63
frame00344.jpg 456.44 174.94 575.34 175.14 567.57 337.44 448.67 337.24
frame00345.jpg 458.06 174.92 578.01 175.36 570.87 339.23 450.92 338.79
frame00346.jpg 459.71 174.91 580.68 176.13 573.75 341.75 452.78 340.53
frame00347.jpg 461.77 175.42 582.47 175.86 575.16 340.92 454.46 340.48
frame00348.jpg 464.05 176.03 583.66 176.06 575.26 339.06 455.65 339.02
frame00349.jpg 466.20 176.52 584.72 176.45 575.87 338.01 457.35 338.08
frame00350.jpg 468.14 176.63 586.63 177.55 577.18 339.56 458.69 338.64
frame00351.jpg 469.91 176.74 588.91 177.52 579.60 339.89 460.60 339.10
frame00352.jpg 471.53 176.56 591.41 177.89 582.28 341.44 462.40 340.11
frame00353.jpg 473.20 176.62 592.71 178.46 583.47 342.36 463.96 340.52
frame00354.jpg 474.62 176.41 595.63 178.04 587.09 343.52 466.08 341.89
frame00355.jpg 476.16 176.60 597.23 178.27 588.90 343.89 467.83 342.22
frame00356.jpg 477.84 176.92 598.68 179.10 590.10 344.33 469.26 342.15
frame00357.jpg 479.48 177.16 600.35 179.06 591.98 344.86 471.11 342.96
frame00358.jpg 481.35 177.76 601.13 179.12 592.21 343.17 472.42 341.81
frame00359.jpg 483.38 178.37 602.07 178.74 592.73 341.04 474.03 340.67
frame00360.jpg 485.24 178.56 604.10 179.27 594.51 341.64 475.65 340.92
frame00361.jpg 487.12 178.44 606.46 179.87 597.26 343.04 477.92 341.61
frame00362.jpg 489.26 178.57 609.14 179.01 599.94 341.62 480.06 341.18
frame00363.jpg 491.44 178.54 611.97 179.05 602.69 341.87 482.17 341.36
frame00364.jpg 493.76 178.39 614.36 180.29 604.52 344.27 483.92 342.37
frame00365.jpg 496.37 178.61 616.12 180.48 606.00 343.44 486.26 341.57
frame00366.jpg 498.75 178.84 618.80 180.40 608.83 343.33 488.77 341.76
frame00367.jpg 500.89 179.03 621.45 180.42 612.00 343.98 491.44 342.58
frame00368.jpg 503.00 179.26 622.92 181.67 613.15 346.38 493.23 343.97
frame00369.jpg 505.17 179.96 624.00 181.86 613.67 344.96 494.85 343.06
frame00370.jpg 506.91 180.29 626.05 182.06 616.32 345.26 497.18 343.50
frame00371.jpg 508.64 180.74 627.57 182.41 617.84 344.95 498.91 343.28
frame00372.jpg 509.92 180.81 629.87 183.09 621.23 347.94 501.27 345.66
frame00373.jpg 511.49 181.65 631.07 183.08 621.76 347.12 502.18 345.70
frame00374.jpg 513.33 182.80 630.63 183.34 620.30 344.62 503.00 344.08
frame00375.jpg 514.26 183.29 632.72 184.65 623.34 347.65 504.88 346.29
frame00376.jpg 515.52 184.31 633.64 184.00 623.91 346.19 505.79 346.50
frame00377.jpg 516.77 185.06 633.90 185.81 624.00 347.40 506.87 346.65
frame00378.jpg 517.28 185.18 636.59 187.02 628.40 352.08 509.09 350.24
frame00379.jpg 518.89 187.08 634.90 186.54 624.96 347.19 508.95 347.73
frame00380.jpg 519.25 187.29 637.47 187.94 629.73 351.74 511.51 351.09
frame00381.jpg 520.30 188.41 637.46 188.65 628.85 352.41 511.69 352.17
frame00382.jpg 521.51 189.55 638.37 188.05 629.86 349.16 513.01 350.66
frame00383.jpg 521.84 189.30 641.11 190.49 634.60 356.60 515.33 355.41
frame00384.jpg 523.10 190.68 641.05 189.25 633.42 353.19 515.47 354.62
frame00385.jpg 524.45 191.48 641.27 190.32 633.05 352.20 516.22 353.36
frame00386.jpg 524.85 191.49 643.92 192.37 636.64 358.20 517.57 357.32
frame00387.jpg 526.33 193.18 642.68 191.51 633.58 352.55 517.23 354.21
frame00388.jpg 526.34 193.12 644.42 194.55 637.07 359.54 518.99 358.11
frame00389.jpg 527.14 194.33 644.85 193.38 637.29 357.60 519.58 358.55
frame00390.jpg 528.40 195.54 644.10 193.91 635.28 355.26 519.58 356.89
frame00391.jpg 528.38 195.10 646.46 197.04 639.53 363.64 521.45 361.70
frame00392.jpg 528.99 195.98 647.45 196.25 641.32 362.78 522.87 362.51
frame00393.jpg 530.49 197.41 647.04 195.00 639.83 357.15 523.28 359.57
frame00394.jpg 531.07 197.61 648.85 196.66 642.69 360.81 524.91 361.76
frame00395.jpg 531.74 198.09 650.06 197.68 644.18 363.76 525.86 364.16
frame00396.jpg 533.12 199.74 649.57 196.34 642.71 358.11 526.26 361.51
frame00397.jpg 533.23 199.54 652.16 199.44 647.65 366.07 528.72 366.18
frame00398.jpg 534.64 201.38 651.40 198.22 645.38 361.25 528.62 364.41
frame00399.jpg 534.84 201.52 653.84 200.94 649.85 368.10 530.85 368.68
frame00400.jpg 536.32 204.07 652.09 199.72 646.63 361.07 530.86 365.42
frame00401.jpg 536.87 205.15 652.84 202.36 647.49 366.23 531.52 369.02
frame00402.jpg 537.06 206.02 654.67 204.42 650.71 369.83 533.11 371.43
frame00403.jpg 537.86 208.32 653.26 203.19 648.50 364.96 533.10 370.09
frame00404.jpg 537.21 209.37 654.27 205.05 651.02 369.87 533.95 374.18
frame00405.jpg 536.27 210.49 655.03 204.64 654.86 369.95 536.10 375.80
frame00406.jpg 535.36 211.54 654.02 205.76 654.58 372.99 535.92 378.77
frame00407.jpg 534.61 213.00 653.27 203.92 656.59 368.77 537.93 377.85
frame00408.jpg 533.80 213.98 652.22 206.23 656.18 372.58 537.75 380.34
frame00409.jpg 533.51 215.44 651.56 204.15 657.19 368.06 539.14 379.34
frame00410.jpg 532.93 216.10 650.91 207.16 657.04 373.97 539.05 382.91
frame00411.jpg 532.66 217.42 650.44 207.39 656.95 372.66 539.17 382.69
frame00412.jpg 532.67 218.54 649.60 209.02 655.30 374.71 538.38 384.23
frame00413.jpg 532.73 219.99 649.59 210.06 655.50 374.95 538.64 384.88
frame00414.jpg 533.24 221.73 649.08 211.09 654.47 374.33 538.63 384.97
frame00415.jpg 533.92 223.60 649.21 212.48 653.34 374.95 538.05 386.07
frame00416.jpg 534.39 225.38 649.14 215.89 651.87 377.94 537.12 387.43
frame00417.jpg 534.56 226.87 649.82 218.61 651.82 381.39 536.56 389.65
frame00418.jpg 534.68 228.46 650.45 220.47 652.24 383.85 536.47 391.84
frame00419.jpg 534.65 229.99 651.13 222.00 652.95 385.10 536.47 393.09
frame00420.jpg 534.43 231.51 651.42 223.15 653.77 386.04 536.78 394.40
frame00421.jpg 534.39 232.67 651.15 226.48 652.30 391.19 535.55 397.38
frame00422.jpg 534.19 234.08 652.00 227.04 654.06 391.75 536.25 398.79
frame00423.jpg 534.15 235.66 651.82 225.70 655.11 388.17 537.44 398.13
frame00424.jpg 533.83 236.65 651.20 228.01 654.45 392.58 537.08 401.22
frame00425.jpg 534.01 238.16 651.28 226.84 655.16 388.50 537.89 399.83
frame00426.jpg 533.94 238.77 650.73 229.93 653.63 394.11 536.84 402.96
frame00427.jpg 534.04 239.96 651.00 228.94 654.71 390.85 537.75 401.87
frame00428.jpg 534.00 240.34 650.86 233.20 653.83 398.50 536.98 405.64
frame00429.jpg 534.47 241.71 651.33 232.53 654.41 395.07 537.55 404.25
frame00430.jpg 534.82 242.61 651.51 234.08 653.85 398.37 537.16 406.90
frame00431.jpg 535.30 243.91 651.92 235.41 654.51 397.85 537.89 406.35
frame00432.jpg 535.80 244.76 652.42 237.76 654.10 401.77 537.48 408.77
frame00433.jpg 536.31 246.15 653.41 237.89 655.19 400.39 538.10 408.65
frame00434.jpg 536.61 247.28 652.82 239.56 654.01 401.93 537.80 409.65
frame00435.jpg 536.23 247.85 653.77 242.10 655.73 407.79 538.19 413.54
frame00436.jpg 536.39 249.43 653.18 241.34 655.32 404.12 538.53 412.21
frame00437.jpg 536.13 250.04 652.85 244.97 654.60 411.01 537.88 416.08
frame00438.jpg 536.50 251.55 653.49 243.39 655.73 406.38 538.74 414.54
frame00439.jpg 536.79 252.52 653.89 245.38 655.04 409.32 537.95 416.46
frame00440.jpg 537.17 253.97 653.93 245.44 655.40 407.80 538.64 416.34
frame00441.jpg 537.28 255.07 653.97 246.13 655.47 409.09 538.79 418.03
frame00442.jpg 537.42 256.04 654.18 249.34 655.33 413.84 538.58 420.54
frame00443.jpg 537.90 257.59 654.83 250.01 655.91 413.32 538.99 420.90
frame00444.jpg 538.32 259.53 654.40 250.93 655.38 413.08 539.30 421.69
frame00445.jpg 538.66 261.21 653.78 253.49 654.38 415.58 539.26 423.29
frame00446.jpg 538.84 262.53 653.86 257.33 653.97 421.02 538.94 426.23
frame00447.jpg 539.09 264.18 655.00 258.88 654.75 423.38 538.84 428.68
frame00448.jpg 539.68 266.33 655.38 258.85 655.28 420.62 539.58 428.10
frame00449.jpg 540.54 268.14 655.19 259.88 654.31 419.83 539.66 428.09
frame00450.jpg 540.68 269.52 655.97 261.16 655.62 421.67 540.33 430.03
frame00451.jpg 540.67 270.69 656.47 263.86 656.02 426.54 540.21 433.37
frame00452.jpg 540.63 271.84 656.98 266.50 656.87 430.48 540.53 435.82
frame00453.jpg 540.54 273.33 657.19 267.65 657.72 431.77 541.07 437.45
frame00454.jpg 540.70 275.17 656.54 268.64 656.85 431.25 541.01 437.78
frame00455.jpg 541.08 276.81 656.14 270.93 655.37 433.05 540.31 438.93
frame00456.jpg 541.50 278.48 656.96 271.37 656.12 432.86 540.66 439.97
frame00457.jpg 541.87 280.05 657.64 272.16 657.01 432.32 541.24 440.21
frame00458.jpg 542.38 281.03 657.27 275.52 654.96 436.73 540.07 442.24
frame00459.jpg 542.39 281.85 660.00 274.88 659.16 437.49 541.55 444.46
frame00460.jpg 542.70 282.64 659.49 277.88 657.70 440.45 540.92 445.21
frame00461.jpg 542.96 283.53 660.40 278.53 658.19 441.53 540.76 446.53
frame00462.jpg 543.24 284.20 659.96 279.92 657.20 443.54 540.48 447.82
frame00463.jpg 543.45 285.30 659.93 279.89 657.59 442.54 541.10 447.94
frame00464.jpg 543.39 285.87 660.55 280.36 658.98 444.48 541.82 449.98
frame00465.jpg 543.63 286.81 660.59 280.96 659.09 442.80 542.13 448.65
frame00466.jpg 543.77 287.27 661.31 282.27 659.66 445.48 542.12 450.47
frame00467.jpg 544.24 287.65 661.47 284.59 658.39 448.95 541.16 452.01
frame00468.jpg 544.74 288.92 661.39 284.06 657.75 446.11 541.10 450.97
frame00469.jpg 544.70 289.35 662.34 285.98 659.26 450.45 541.62 453.81
frame00470.jpg 545.47 290.68 661.58 287.31 656.64 449.01 540.53 452.38
frame00471.jpg 545.69 291.18 663.33 287.81 659.02 451.82 541.38 455.19
frame00472.jpg 546.07 292.03 663.27 289.45 658.47 452.48 541.28 455.06
frame00473.jpg 546.70 292.76 663.59 291.23 657.22 455.21 540.33 456.74
frame00474.jpg 546.79 292.98 665.25 292.13 660.17 457.54 541.72 458.39
frame00475.jpg 547.62 293.87 664.55 293.67 657.55 456.91 540.62 457.11
frame00476.jpg 547.78 294.14 665.93 293.46 659.98 458.70 541.83 459.38
frame00477.jpg 548.26 294.56 666.00 294.97 659.81 460.27 542.07 459.87
frame00478.jpg 548.76 295.08 666.71 295.49 659.53 460.37 541.59 459.97
frame00479.jpg 549.08 295.54 666.96 295.74 660.41 459.89 542.54 459.69
frame00480.jpg 549.25 295.93 667.47 296.24 660.71 461.30 542.50 460.99
frame00481.jpg 549.61 296.24 668.13 296.51 660.85 462.52 542.33 462.25
frame00482.jpg 549.74 296.67 668.71 297.01 662.02 463.19 543.06 462.85
frame00483.jpg 549.89 296.44 669.16 298.38 663.18 465.75 543.90 463.81
frame00484.jpg 550.62 296.73 669.31 297.27 662.00 462.96 543.30 462.42
frame00485.jpg 550.60 296.48 669.97 297.57 663.78 464.76 544.41 463.67
frame00486.jpg 550.77 296.37 670.42 297.87 664.71 465.31 545.07 463.81
frame00487.jpg 550.98 296.38 670.39 298.42 664.33 465.51 544.92 463.47
frame00488.jpg 550.99 296.38 670.47 298.49 664.10 465.72 544.62 463.61
frame00489.jpg 550.85 296.30 670.77 298.61 664.75 466.40 544.83 464.09
frame00490.jpg 550.98 296.42 670.66 298.09 664.46 465.25 544.79 463.58
frame00491.jpg 551.02 296.35 670.94 298.32 664.81 465.52 544.89 463.54
frame00492.jpg 551.09 296.35 670.40 298.73 663.92 466.03 544.62 463.65
frame00493.jpg 551.06 296.33 670.77 298.51 664.58 465.74 544.87 463.56
frame00494.jpg 551.10 296.35 670.68 298.70 664.06 466.21 544.49 463.86
frame00495.jpg 551.18 296.41 670.45 298.69 663.80 465.67 544.53 463.39
frame00496.jpg 551.15 296.39 670.76 298.40 664.25 465.63 544.64 463.62
frame00497.jpg 551.27 296.40 670.41 298.92 663.44 465.97 544.30 463.46
frame00498.jpg 551.35 296.46 670.76 298.23 663.97 464.97 544.56 463.20
frame00499.jpg 551.40 296.56 670.33 298.40 663.12 464.79 544.19 462.95
frame00500.jpg 551.14 296.27 671.13 298.41 664.83 465.89 544.84 463.75
frame00501.jpg 551.20 296.38 670.61 298.52 663.78 465.72 544.37 463.57
frame00502.jpg 551.06 296.19 670.64 299.56 663.92 467.70 544.34 464.33
frame00503.jpg 550.98 296.14 671.00 299.03 664.80 467.38 544.79 464.49
frame00504.jpg 551.17 296.43 670.99 297.86 664.62 464.70 544.80 463.28
frame00505.jpg 551.19 296.42 670.56 298.77 663.88 465.61 544.50 463.26
frame00506.jpg 551.40 296.65 670.57 297.84 663.57 464.02 544.40 462.83
frame00507.jpg 551.57 296.65 670.43 298.04 662.98 463.98 544.12 462.59
frame00508.jpg 551.66 296.77 670.56 297.96 663.14 463.48 544.24 462.29
frame00509.jpg 551.69 296.76 670.79 297.58 664.07 463.51 544.97 462.70
frame00510.jpg 551.57 296.46 671.86 298.36 665.63 465.84 545.34 463.94
frame00511.jpg 551.63 296.38 672.26 298.62 666.63 466.31 545.99 464.07
frame00512.jpg 551.76 296.15 672.19 300.03 665.99 468.62 545.57 464.75
frame00513.jpg 551.85 296.27 672.14 299.94 665.70 468.12 545.41 464.45
frame00514.jpg 551.89 296.24 672.22 300.22 665.64 468.39 545.31 464.42
frame00515.jpg 551.84 296.15 672.17 300.13 665.69 468.90 545.37 464.92
frame00516.jpg 551.89 296.23 672.35 299.94 665.67 468.15 545.21 464.44
frame00517.jpg 551.78 296.15 672.28 300.50 665.63 469.41 545.13 465.06
frame00518.jpg 551.87 296.17 671.99 300.28 665.52 468.84 545.39 464.73
frame00519.jpg 551.97 296.37 671.96 300.04 665.13 467.80 545.14 464.12
frame00520.jpg 551.88 296.19 672.41 299.96 665.97 468.70 545.44 464.92
frame00521.jpg 551.98 296.29 672.34 299.72 665.83 467.72 545.47 464.29
frame00522.jpg 551.99 296.30 671.81 300.35 664.91 468.59 545.09 464.54
frame00523.jpg 551.83 296.11 672.09 300.60 665.44 469.61 545.18 465.12
frame00524.jpg 551.78 296.16 672.28 300.10 665.91 468.80 545.41 464.86
frame00525.jpg 551.84 296.26 671.83 299.52 665.60 467.87 545.61 464.61
frame00526.jpg 551.83 296.20 671.92 299.77 665.62 468.33 545.53 464.76
frame00527.jpg 551.92 296.23 672.08 300.07 665.29 468.39 545.13 464.54
frame00528.jpg 551.86 296.23 672.29 300.04 665.85 468.35 545.42 464.54
frame00529.jpg 551.85 296.21 671.90 299.88 665.64 468.30 545.58 464.63
frame00530.jpg 551.45 295.95 672.63 299.93 667.17 469.50 545.99 465.52
frame00531.jpg 551.36 295.92 672.60 299.35 667.46 468.93 546.21 465.50
frame00532.jpg 551.23 295.88 672.68 299.14 667.81 468.86 546.37 465.60
frame00533.jpg 551.32 296.08 672.53 298.02 667.52 466.61 546.31 464.68
frame00534.jpg 551.26 296.07 672.10 298.11 667.13 466.78 546.29 464.74
frame00535.jpg 551.27 296.14 671.97 297.53 666.75 465.67 546.05 464.28
frame00536.jpg 551.23 296.03 671.62 298.41 665.78 467.22 545.38 464.84
frame00537.jpg 551.35 296.27 671.27 297.15 665.60 464.59 545.68 463.71
frame00538.jpg 551.36 296.21 671.31 297.64 665.43 465.18 545.48 463.75
frame00539.jpg 551.34 296.18 671.53 297.37 666.07 464.84 545.88 463.65
frame00540.jpg 551.35 296.27 671.40 297.12 665.66 464.39 545.61 463.54
frame00541.jpg 551.24 296.02 671.36 298.03 665.45 466.10 545.32 464.09
frame00542.jpg 551.12 295.93 671.34 298.14 665.43 466.45 545.20 464.24
frame00543.jpg 551.03 295.81 670.91 298.70 664.93 467.51 545.05 464.62
frame00544.jpg 550.65 295.39 671.49 299.44 666.59 469.57 545.75 465.53
frame00545.jpg 550.55 295.40 671.49 298.87 667.22 469.14 546.28 465.68
frame00546.jpg 550.47 295.35 671.68 298.95 667.69 469.02 546.48 465.41
frame00547.jpg 550.46 295.33 671.43 299.44 667.27 469.89 546.29 465.78
frame00548.jpg 550.38 295.15 671.39 299.94 667.12 471.30 546.11 466.51
frame00549.jpg 550.33 295.26 671.88 299.27 667.92 469.86 546.38 465.85
frame00550.jpg 550.39 295.32 671.57 299.13 667.44 469.37 546.26 465.56
frame00551.jpg 550.23 295.18 671.95 299.26 668.41 470.03 546.70 465.95
frame00552.jpg 550.40 295.38 671.54 298.58 667.87 468.50 546.73 465.31
frame00553.jpg 550.53 295.46 671.23 298.93 666.96 468.61 546.26 465.14
frame00554.jpg 550.43 295.33 671.47 299.41 667.41 469.82 546.37 465.75
frame00555.jpg 550.54 295.46 671.38 298.93 667.14 468.75 546.31 465.28
frame00556.jpg 550.55 295.47 671.39 299.04 666.94 468.79 546.11 465.22
frame00557.jpg 550.53 295.47 671.33 299.01 666.99 468.72 546.19 465.18
frame00558.jpg 550.53 295.51 671.37 298.60 667.24 468.11 546.40 465.01
frame00559.jpg 550.56 295.38 671.12 299.36 666.68 469.42 546.12 465.45
frame00560.jpg 550.55 295.30 671.32 299.41 667.01 469.69 546.25 465.57
frame00561.jpg 550.57 295.38 671.68 298.92 667.41 468.98 546.30 465.45
frame00562.jpg 550.68 295.52 671.72 298.89 666.79 468.36 545.75 464.99
frame00563.jpg 550.72 295.62 671.42 298.65 666.59 467.94 545.89 464.92
frame00564.jpg 550.85 295.56 670.97 299.23 665.69 468.77 545.57 465.10
frame00565.jpg 550.81 295.57 670.93 299.41 665.68 468.92 545.56 465.08
frame00566.jpg 550.80 295.58 671.36 298.84 666.29 468.17 545.73 464.91
frame00567.jpg 550.72 295.47 671.32 299.21 666.38 469.27 545.78 465.53
frame00568.jpg 550.87 295.56 671.23 299.03 665.81 468.53 545.45 465.07
frame00569.jpg 550.87 295.59 671.33 298.85 666.19 468.18 545.72 464.92
frame00570.jpg 550.96 295.70 671.35 298.49 665.96 467.36 545.57 464.57
frame00571.jpg 551.04 295.80 671.16 298.52 665.42 467.22 545.30 464.50
frame00572.jpg 551.00 295.71 671.22 299.01 665.41 468.20 545.19 464.90
frame00573.jpg 551.03 295.66 671.25 299.03 665.41 468.50 545.19 465.13
frame00574.jpg 551.09 295.81 671.11 298.63 665.23 467.61 545.21 464.79
frame00575.jpg 551.09 295.90 671.14 298.25 665.44 466.60 545.38 464.25
frame00576.jpg 551.13 295.78 670.95 299.08 664.82 468.02 545.00 464.73
frame00577.jpg 551.07 295.72 671.23 298.88 665.42 468.21 545.26 465.05
frame00578.jpg 551.13 295.88 671.18 298.60 665.06 467.23 545.00 464.51
frame00579.jpg 551.19 295.85 670.90 298.81 664.81 467.54 545.10 464.58
frame00580.jpg 551.27 296.04 670.92 298.15 664.62 466.18 544.97 464.07
frame00581.jpg 551.18 295.95 671.23 298.19 665.46 466.54 545.40 464.30
frame00582.jpg 551.26 296.08 671.25 298.02 664.91 466.05 544.93 464.11
frame00583.jpg 551.25 296.03 671.37 298.00 665.56 466.18 545.44 464.21
frame00584.jpg 551.37 296.31 671.29 296.99 665.62 464.32 545.70 463.64
frame00585.jpg 551.33 296.21 671.08 297.91 665.20 465.70 545.45 464.00
frame00586.jpg 551.29 296.13 671.41 297.46 665.99 465.46 545.87 464.13
frame00587.jpg 551.33 296.15 671.32 297.65 665.61 465.75 545.62 464.26
frame00588.jpg 551.23 296.15 671.56 297.27 666.52 465.24 546.19 464.12
frame00589.jpg 551.27 296.21 671.53 297.54 665.93 465.64 545.67 464.32
frame00590.jpg 551.33 296.26 671.15 298.06 665.44 465.71 545.62 463.91
frame00591.jpg 551.26 296.17 671.72 297.80 666.40 465.94 545.94 464.31
frame00592.jpg 551.32 296.18 671.51 297.85 666.47 466.13 546.28 464.46
frame00593.jpg 551.37 296.19 671.76 297.99 666.58 466.27 546.19 464.47
frame00594.jpg 551.32 296.08 672.19 298.29 667.25 466.99 546.38 464.78
frame00595.jpg 551.40 296.15 672.30 298.19 667.37 466.68 546.47 464.64
frame00596.jpg 551.51 296.05 672.07 299.52 666.79 468.36 546.23 464.89
frame00597.jpg 551.78 296.17 672.21 299.67 666.40 468.09 545.97 464.59
frame00598.jpg 552.37 296.56 671.30 299.69 663.78 466.67 544.85 463.54
frame00599.jpg 552.62 296.74 671.01 300.11 662.54 466.71 544.15 463.34
frame00600.jpg 552.56 296.69 671.56 299.61 663.58 466.81 544.58 463.88
frame00601.jpg 552.75 296.77 671.44 299.49 663.29 466.37 544.59 463.65
frame00602.jpg 552.68 296.91 671.61 299.32 663.63 465.82 544.70 463.40
frame00603.jpg 552.67 296.92 671.53 298.86 663.69 465.28 544.83 463.35
frame00604.jpg 552.71 296.84 671.20 299.49 662.62 465.99 544.13 463.34
frame00605.jpg 552.64 296.66 671.20 299.69 663.01 466.53 544.45 463.50
frame00606.jpg 552.71 296.86 671.10 299.44 662.73 465.66 544.35 463.08
frame00607.jpg 552.51 296.71 671.85 299.77 664.04 467.25 544.70 464.19
frame00608.jpg 552.69 296.83 671.62 299.28 663.54 465.84 544.60 463.40
frame00609.jpg 552.74 296.93 671.20 299.17 662.97 465.39 544.51 463.15
frame00610.jpg 552.66 296.81 671.46 299.26 663.30 465.68 544.51 463.24
frame00611.jpg 552.64 296.77 671.10 299.90 662.70 466.57 544.24 463.44
frame00612.jpg 552.57 296.62 671.40 299.65 663.49 466.35 544.66 463.32
frame00613.jpg 552.28 296.39 671.65 300.13 664.06 467.89 544.69 464.14
frame00614.jpg 552.04 296.24 672.23 299.88 665.34 468.19 545.15 464.55
frame00615.jpg 551.99 296.16 672.21 299.87 665.70 468.32 545.48 464.62
frame00616.jpg 552.28 296.34 671.76 299.91 664.34 467.70 544.86 464.13
frame00617.jpg 552.71 296.72 671.20 299.85 662.80 466.10 544.31 462.97
frame00618.jpg 552.84 296.66 672.55 299.96 664.85 466.35 545.14 463.05
frame00619.jpg 553.61 297.03 672.58 299.61 663.30 464.85 544.34 462.27
frame00620.jpg 553.99 297.17 672.28 300.09 662.27 465.57 543.98 462.65
frame00621.jpg 553.96 297.19 673.37 300.25 663.64 466.53 544.23 463.47
frame00622.jpg 553.85 297.14 674.18 300.06 664.94 467.26 544.61 464.34
frame00623.jpg 553.76 297.09 674.43 299.61 665.50 466.70 544.84 464.18
frame00624.jpg 553.70 297.02 673.99 299.60 664.65 466.80 544.35 464.22
frame00625.jpg 553.45 296.47 674.12 300.52 665.19 468.59 544.52 464.54
frame00626.jpg 553.33 296.04 674.47 299.92 666.35 468.55 545.21 464.67
frame00627.jpg 553.44 295.86 674.31 298.78 666.43 467.38 545.57 464.45
frame00628.jpg 553.33 295.26 674.95 299.17 667.70 469.20 546.08 465.29
frame00629.jpg 553.36 294.61 675.22 300.53 668.04 471.85 546.18 465.93
frame00630.jpg 554.01 294.31 675.29 300.36 666.75 471.34 545.47 465.29
frame00631.jpg 554.10 294.02 675.41 301.06 666.56 473.36 545.25 466.33
frame00632.jpg 554.11 294.03 675.49 300.49 667.33 472.38 545.95 465.92
frame00633.jpg 553.99 293.80 675.71 300.84 667.45 473.67 545.73 466.63
frame00634.jpg 554.16 294.17 675.30 299.88 666.52 470.58 545.38 464.86
frame00635.jpg 554.37 294.23 674.76 300.04 664.93 469.69 544.53 463.87
frame00636.jpg 554.44 294.29 674.56 299.46 664.34 467.81 544.22 462.64
frame00637.jpg 554.60 294.30 674.31 298.45 663.78 464.77 544.07 460.62
frame00638.jpg 554.53 294.07 674.14 298.18 663.50 464.01 543.89 459.90
frame00639.jpg 554.47 293.74 673.54 297.07 662.37 462.45 543.30 459.12
frame00640.jpg 554.51 293.30 672.49 293.78 661.96 455.79 543.98 455.31
frame00641.jpg 553.85 292.20 671.59 291.25 662.28 453.68 544.54 454.64
frame00642.jpg 553.02 290.77 671.44 287.47 664.34 450.43 545.92 453.73
frame00643.jpg 552.35 288.88 670.19 286.87 663.79 451.20 545.94 453.20
frame00644.jpg 551.85 287.00 670.00 284.48 664.96 449.09 546.81 451.60
frame00645.jpg 551.77 285.03 669.85 281.90 665.44 446.26 547.36 449.39
frame00646.jpg 551.72 283.09 669.87 279.21 665.56 443.54 547.41 447.42
frame00647.jpg 551.71 281.38 669.42 276.52 665.53 440.14 547.83 445.00
frame00648.jpg 551.73 279.64 669.00 274.64 664.76 438.62 547.49 443.62
frame00649.jpg 551.72 277.94 668.37 273.08 664.03 436.74 547.38 441.60
frame00650.jpg 551.55 276.31 667.86 272.74 663.17 435.77 546.86 439.34
frame00651.jpg 550.97 274.64 668.54 271.34 664.31 436.09 546.73 439.38
frame00652.jpg 550.57 273.17 668.52 268.61 665.09 433.64 547.14 438.19
frame00653.jpg 550.32 271.72 667.62 267.23 663.77 431.49 546.47 435.97
frame00654.jpg 549.78 270.30 667.11 265.57 664.14 428.60 546.80 433.33
frame00655.jpg 549.51 268.83 666.10 262.78 663.12 425.35 546.53 431.40
frame00656.jpg 548.58 266.90 666.15 261.22 664.47 425.13 546.90 430.81
frame00657.jpg 548.16 264.99 665.26 259.69 663.44 424.05 546.34 429.35
frame00658.jpg 547.75 263.18 664.40 257.33 662.79 421.20 546.14 427.05
frame00659.jpg 547.52 261.15 664.45 254.86 662.80 419.15 545.87 425.44
frame00660.jpg 547.52 259.09 663.43 253.51 661.29 417.87 545.38 423.45
frame00661.jpg 547.41 256.96 663.86 251.35 661.72 415.57 545.27 421.18
frame00662.jpg 547.39 254.89 663.33 250.30 660.50 414.87 544.56 419.46
frame00663.jpg 547.21 252.86 663.73 248.24 661.10 412.81 544.59 417.43
frame00664.jpg 546.98 250.73 663.97 246.04 661.63 411.83 544.63 416.53
frame00665.jpg 546.73 248.65 663.69 244.81 661.49 411.23 544.53 415.07
frame00666.jpg 546.69 246.77 663.62 242.59 661.20 408.84 544.27 413.02
frame00667.jpg 546.61 245.07 663.84 239.73 661.18 405.14 543.95 410.48
frame00668.jpg 546.61 243.35 662.96 237.84 660.05 402.48 543.70 407.99
frame00669.jpg 546.56 241.52 662.02 236.90 658.38 401.57 542.92 406.19
frame00670.jpg 546.38 239.79 661.81 234.83 658.00 398.87 542.56 403.84
frame00671.jpg 546.06 237.98 661.35 233.80 657.68 397.81 542.39 401.99
frame00672.jpg 546.09 236.48 661.32 230.70 657.26 393.59 542.03 399.37
frame00673.jpg 545.69 234.35 661.60 230.47 657.89 395.60 541.98 399.48
frame00674.jpg 545.08 232.24 662.55 229.62 659.68 396.71 542.21 399.33
frame00675.jpg 544.87 230.91 661.97 227.27 658.43 393.49 541.34 397.12
frame00676.jpg 544.89 229.83 661.00 223.27 656.94 386.79 540.83 393.35
frame00677.jpg 544.31 227.86 660.01 223.41 655.60 387.35 539.90 391.80
frame00678.jpg 543.99 226.20 659.39 219.94 654.63 382.87 539.23 389.12
frame00679.jpg 543.19 224.27 659.06 217.47 655.42 379.59 539.55 386.39
frame00680.jpg 542.59 222.08 658.05 215.96 653.92 378.99 538.46 385.11
frame00681.jpg 541.74 220.15 657.88 212.53 654.10 375.25 537.96 382.86
frame00682.jpg 540.84 218.16 656.81 210.85 653.31 373.49 537.34 380.80
frame00683.jpg 539.92 216.26 656.00 209.77 652.18 372.69 536.11 379.19
frame00684.jpg 538.44 214.02 656.73 208.58 654.38 374.20 536.09 379.64
frame00685.jpg 537.20 212.14 656.23 208.47 654.06 376.85 535.03 380.53
frame00686.jpg 536.77 211.93 654.34 204.59 650.91 368.28 533.34 375.62
frame00687.jpg 535.14 209.72 654.96 206.32 653.03 374.95 533.22 378.35
frame00688.jpg 534.69 209.84 652.57 202.46 649.10 366.40 531.23 373.78
frame00689.jpg 533.12 207.81 652.90 204.61 650.77 373.35 530.98 376.54
frame00690.jpg 532.55 207.90 651.31 200.52 647.95 364.95 529.19 372.33
frame00691.jpg 531.16 206.36 650.64 202.38 647.66 370.56 528.18 374.53
frame00692.jpg 529.96 205.35 650.25 201.98 647.98 370.54 527.68 373.91
frame00693.jpg 529.21 205.55 648.65 199.12 645.19 364.57 525.75 370.99
frame00694.jpg 527.94 204.54 647.42 201.34 642.90 369.38 523.42 372.58
frame00695.jpg 526.15 203.37 647.84 201.84 645.28 373.06 523.59 374.59
frame00696.jpg 525.03 203.18 646.44 200.97 643.78 371.38 522.37 373.60
frame00697.jpg 523.71 202.92 645.46 199.62 643.43 369.27 521.68 372.56
frame00698.jpg 522.47 203.09 643.68 198.40 641.26 366.26 520.05 370.95
frame00699.jpg 521.61 203.54 641.22 196.81 637.20 361.83 517.59 368.57
frame00700.jpg 520.12 202.98 639.80 197.00 636.09 363.42 516.41 369.41
frame00701.jpg 518.11 201.75 639.97 198.69 637.87 369.24 516.01 372.30
frame00702.jpg 516.59 201.10 638.79 198.99 637.28 370.60 515.08 372.71
frame00703.jpg 515.25 200.82 637.68 197.18 636.63 367.11 514.20 370.75
frame00704.jpg 514.39 201.28 634.65 195.94 631.74 362.68 511.48 368.02
frame00705.jpg 513.10 200.92 633.05 195.48 629.66 362.33 509.70 367.77
frame00706.jpg 511.12 199.96 632.77 196.25 630.85 366.00 509.19 369.71
frame00707.jpg 509.50 199.41 631.87 195.53 630.75 365.84 508.38 369.72
frame00708.jpg 507.81 198.91 630.48 195.65 630.03 366.24 507.36 369.50
frame00709.jpg 506.71 198.80 628.19 195.06 626.58 364.11 505.10 367.85
frame00710.jpg 505.62 199.33 625.88 192.77 622.97 358.07 502.72 364.63
frame00711.jpg 504.18 198.90 624.13 192.95 620.49 358.85 500.54 364.80
frame00712.jpg 502.27 198.40 622.97 193.61 619.65 360.98 498.95 365.77
frame00713.jpg 500.07 197.71 621.89 194.85 619.23 364.88 497.41 367.74
frame00714.jpg 497.78 197.17 620.76 195.33 618.59 366.80 495.61 368.63
frame00715.jpg 495.14 196.62 619.38 194.99 618.71 367.33 494.48 368.96
frame00716.jpg 492.33 196.23 617.42 194.56 617.73 367.11 492.65 368.78
frame00717.jpg 489.81 196.48 613.84 192.26 614.26 362.05 490.23 366.27
frame00718.jpg 487.23 196.89 610.45 190.12 610.17 357.04 486.95 363.81
frame00719.jpg 484.26 196.30 607.10 191.27 606.72 359.97 483.87 365.00
frame00720.jpg 481.20 195.74 604.79 190.78 605.56 360.25 481.97 365.21
frame00721.jpg 478.08 194.91 603.10 190.63 605.51 361.64 480.50 365.92
frame00722.jpg 475.38 194.75 600.13 189.96 602.37 360.20 477.62 364.99
frame00723.jpg 473.20 195.34 595.94 187.69 596.82 354.18 474.07 361.83
frame00724.jpg 470.71 195.37 592.40 186.43 593.20 351.59 471.52 360.53
frame00725.jpg 467.87 194.59 590.30 188.30 590.97 355.95 468.53 362.24
frame00726.jpg 464.99 193.80 588.14 189.65 589.43 360.07 466.29 364.22
frame00727.jpg 462.28 193.19 586.31 190.64 587.82 362.42 463.78 364.97
frame00728.jpg 459.72 193.14 584.53 189.37 586.18 361.04 461.36 364.82
frame00729.jpg 457.25 193.16 581.45 189.83 583.27 361.08 459.07 364.42
frame00730.jpg 454.72 193.15 579.30 189.55 581.26 361.26 456.68 364.86
frame00731.jpg 452.39 193.09 576.80 190.10 578.62 362.16 454.21 365.15
frame00732.jpg 450.08 193.23 574.35 190.61 575.79 362.78 451.52 365.39
frame00733.jpg 447.77 193.58 572.28 189.43 573.75 360.06 449.24 364.21
frame00734.jpg 445.65 194.19 569.78 187.53 571.01 356.47 446.88 363.14
frame00735.jpg 443.46 194.87 566.23 187.49 566.79 354.23 444.02 361.61
frame00736.jpg 441.41 195.48 563.03 186.71 563.24 351.35 441.62 360.12
frame00737.jpg 438.64 195.28 560.60 189.36 561.30 356.00 439.34 361.91
frame00738.jpg 435.76 195.13 559.21 189.69 561.28 358.04 437.83 363.48
frame00739.jpg 432.83 195.01 557.61 189.13 561.28 359.12 436.50 365.01
frame00740.jpg 430.08 195.23 554.93 189.89 558.39 360.94 433.55 366.27
frame00741.jpg 427.36 195.49 552.14 190.90 555.46 362.47 430.68 367.06
frame00742.jpg 425.17 196.30 548.90 190.08 551.35 359.69 427.62 365.91
frame00743.jpg 422.98 197.21 545.52 188.91 547.34 355.23 424.80 363.53
frame00744.jpg 421.04 197.91 541.50 188.02 542.66 351.26 422.19 361.15
frame00745.jpg 418.41 197.84 539.52 188.76 540.99 352.91 419.88 361.99
frame00746.jpg 416.11 197.88 537.12 188.50 538.83 351.67 417.83 361.05
frame00747.jpg 413.55 197.64 535.07 188.32 537.24 352.82 415.72 362.14
frame00748.jpg 410.97 197.36 532.21 188.79 534.98 353.96 413.73 362.52
frame00749.jpg 407.80 196.17 531.32 189.57 536.40 358.73 412.88 365.33
frame00750.jpg 405.20 195.68 528.93 189.46 534.07 358.58 410.35 364.80
frame00751.jpg 402.67 195.57 526.06 187.78 531.48 355.22 408.10 363.01
frame00752.jpg 399.96 195.38 522.94 187.73 527.84 354.93 404.86 362.58
frame00753.jpg 397.05 195.27 520.40 187.55 525.23 354.99 401.88 362.71
frame00754.jpg 394.12 195.35 517.47 187.22 522.30 354.10 398.95 362.23
frame00755.jpg 390.87 195.46 514.94 186.99 520.12 354.68 396.05 363.14
frame00756.jpg 387.59 195.57 510.87 189.96 515.11 360.79 391.83 366.40
frame00757.jpg 384.72 197.30 506.47 188.09 509.52 353.99 387.76 363.20
frame00758.jpg 381.28 197.86 503.41 189.19 507.71 354.91 385.59 363.58
frame00759.jpg 378.04 198.79 498.88 190.49 501.68 357.76 380.84 366.06
frame00760.jpg 374.60 199.59 495.98 191.97 499.83 358.82 378.45 366.43
frame00761.jpg 371.80 201.40 491.41 192.22 493.37 357.31 373.76 366.50
frame00762.jpg 368.49 201.93 489.29 195.61 492.62 363.12 371.81 369.44
frame00763.jpg 365.93 203.73 485.44 197.51 487.26 363.93 367.75 370.16
frame00764.jpg 363.63 205.86 481.54 199.30 482.07 363.27 364.15 369.83
frame00765.jpg 361.52 208.04 478.24 200.32 477.68 362.51 360.96 370.23
frame00766.jpg 359.09 209.83 476.25 203.57 475.38 366.67 358.21 372.93
frame00767.jpg 356.98 211.91 473.80 206.67 472.30 370.54 355.48 375.78
frame00768.jpg 355.13 214.45 471.34 209.86 468.58 374.39 352.36 378.98
frame00769.jpg 353.64 217.70 468.39 212.74 464.30 374.37 349.55 379.33
frame00770.jpg 351.96 220.63 466.81 217.03 462.26 378.66 347.41 382.26
frame00771.jpg 351.07 224.25 462.62 221.60 455.48 381.06 343.93 383.71
frame00772.jpg 349.42 227.37 461.55 225.30 455.11 385.35 342.98 387.43
frame00773.jpg 348.06 230.53 460.63 228.80 454.89 389.17 342.32 390.90
frame00774.jpg 347.18 234.09 458.60 232.90 451.74 392.26 340.32 393.45
frame00775.jpg 346.28 237.64 456.92 236.59 449.43 395.35 338.79 396.40
frame00776.jpg 345.20 240.71 456.69 239.62 450.21 399.26 338.73 400.34
frame00777.jpg 344.60 244.08 454.96 244.42 447.23 403.60 336.86 403.26
frame00778.jpg 344.16 247.32 455.00 246.95 446.81 405.74 335.97 406.12
frame00779.jpg 343.40 249.91 454.65 251.88 447.16 411.66 335.91 409.69
frame00780.jpg 343.11 252.96 454.46 253.03 447.60 412.42 336.25 412.35
frame00781.jpg 343.30 256.13 453.60 255.69 445.34 412.94 335.04 413.38
frame00782.jpg 343.01 258.39 454.29 259.34 446.70 417.54 335.41 416.59
frame00783.jpg 342.84 260.52 455.35 260.72 449.08 419.10 336.58 418.89
frame00784.jpg 342.56 262.00 455.98 263.56 450.66 424.42 337.24 422.86
frame00785.jpg 342.61 263.73 455.56 265.57 450.38 426.50 337.43 424.66
frame00786.jpg 342.89 265.72 454.75 266.16 449.47 424.96 337.61 424.51
frame00787.jpg 343.04 267.43 454.32 268.38 448.30 426.86 337.02 425.91
frame00788.jpg 343.15 269.15 454.23 270.31 447.96 427.95 336.89 426.79
frame00789.jpg 343.05 270.58 455.18 273.16 448.95 431.89 336.82 429.31
frame00790.jpg 343.19 272.57 454.88 275.66 447.88 434.60 336.19 431.51
frame00791.jpg 343.48 274.97 454.32 278.23 445.88 436.33 335.04 433.06
frame00792.jpg 343.53 277.64 453.89 280.80 444.69 437.88 334.32 434.72
frame00793.jpg 343.27 279.58 454.76 284.65 445.17 443.27 333.68 438.20
frame00794.jpg 343.31 281.91 453.33 288.54 442.45 446.28 332.42 439.65
frame00795.jpg 342.99 283.71 453.97 291.39 443.50 449.45 332.52 441.77
frame00796.jpg 342.77 285.51 454.39 293.02 444.10 450.70 332.48 443.19
frame00797.jpg 342.54 287.17 454.50 293.70 444.42 451.58 332.46 445.05
frame00798.jpg 342.41 288.71 454.41 295.31 443.42 452.84 331.42 446.25
frame00799.jpg 342.08 289.58 454.38 298.42 443.81 457.18 331.51 448.34
frame00800.jpg 341.67 290.69 454.28 299.70 444.76 459.75 332.15 450.75
frame00801.jpg 341.74 292.63 453.40 298.65 443.98 456.81 332.33 450.79
frame00802.jpg 341.46 293.96 453.56 301.58 444.67 459.74 332.57 452.12
frame00803.jpg 341.07 295.30 454.46 303.29 446.62 461.94 333.23 453.95
frame00804.jpg 341.14 296.98 453.85 303.44 446.08 462.02 333.37 455.57
frame00805.jpg 341.30 298.30 454.18 304.83 446.06 463.13 333.18 456.60
frame00806.jpg 341.41 299.05 454.73 307.82 446.33 466.30 333.01 457.53
frame00807.jpg 340.70 298.97 455.65 307.98 448.55 468.63 333.60 459.62
frame00808.jpg 340.42 298.99 455.48 306.84 448.30 466.93 333.25 459.08
frame00809.jpg 339.78 298.80 455.31 307.54 448.49 468.92 332.96 460.19
frame00810.jpg 339.42 299.42 455.12 306.49 448.79 467.00 333.09 459.93
frame00811.jpg 339.50 300.18 453.91 306.67 445.82 465.99 331.41 459.50
frame00812.jpg 338.58 300.33 453.57 305.36 448.14 465.87 333.15 460.84
frame00813.jpg 338.40 301.03 451.72 306.23 444.44 465.24 331.12 460.03
frame00814.jpg 337.35 301.02 452.61 305.00 447.64 466.24 332.38 462.26
frame00815.jpg 336.82 300.99 451.88 307.01 446.42 469.23 331.36 463.21
frame00816.jpg 335.95 301.10 452.57 306.20 448.97 469.26 332.35 464.16
frame00817.jpg 335.96 301.69 452.65 304.24 449.22 464.85 332.53 462.30
frame00818.jpg 335.90 301.80 451.02 306.39 446.33 467.00 331.21 462.41
frame00819.jpg 335.61 301.75 451.35 305.80 447.25 467.25 331.51 463.20
frame00820.jpg 335.15 301.92 451.50 305.12 448.28 467.03 331.93 463.83
frame00821.jpg 335.06 302.56 450.56 304.06 447.65 463.73 332.16 462.23
frame00822.jpg 335.08 303.04 448.64 305.25 443.81 463.59 330.25 461.38
frame00823.jpg 334.30 303.57 448.74 302.62 445.91 460.75 331.47 461.70
frame00824.jpg 333.21 303.56 448.50 304.04 446.65 464.93 331.36 464.45
frame00825.jpg 332.05 303.54 447.89 306.26 446.94 469.85 331.10 467.13
frame00826.jpg 331.45 304.58 446.98 304.31 446.74 465.34 331.21 465.61
frame00827.jpg 330.79 305.45 445.74 303.21 445.71 462.25 330.75 464.49
frame00828.jpg 330.24 306.12 443.83 303.77 443.73 460.85 330.13 463.20
frame00829.jpg 330.25 306.27 443.71 303.11 443.67 459.56 330.22 462.72
frame00830.jpg 330.08 305.89 444.66 303.14 445.26 461.16 330.68 463.92
frame00831.jpg 330.09 305.95 444.87 302.52 445.29 460.79 330.51 464.22
frame00832.jpg 330.13 305.73 444.91 303.35 445.44 461.97 330.65 464.35
frame00833.jpg 330.18 305.64 445.07 303.26 445.63 462.20 330.74 464.58
frame00834.jpg 330.27 305.73 444.68 303.35 444.96 461.97 330.55 464.35
frame00835.jpg 330.21 305.77 444.62 303.25 445.04 461.73 330.63 464.25
frame00836.jpg 330.26 305.89 444.16 303.34 444.37 461.50 330.47 464.05
frame00837.jpg 330.12 305.89 444.67 302.93 445.16 461.17 330.61 464.13
frame00838.jpg 330.08 305.85 444.80 303.13 445.43 461.54 330.71 464.26
frame00839.jpg 330.24 305.91 444.51 302.95 444.86 460.98 330.59 463.93
frame00840.jpg 330.19 305.56 444.57 304.34 444.99 463.48 330.61 464.70
frame00841.jpg 330.50 305.59 444.03 304.50 443.57 463.54 330.05 464.63
frame00842.jpg 330.63 305.54 444.70 303.98 444.35 463.16 330.28 464.72
frame00843.jpg 330.76 305.57 445.65 302.54 445.65 461.34 330.76 464.37
frame00844.jpg 330.80 305.48 445.89 303.07 445.89 461.72 330.80 464.13
frame00845.jpg 330.82 305.41 445.67 303.57 445.50 462.54 330.64 464.38
frame00846.jpg 330.92 305.62 445.50 302.83 445.43 460.79 330.85 463.57
frame00847.jpg 331.04 305.93 444.80 302.80 444.07 459.67 330.30 462.80
frame00848.jpg 330.94 305.89 442.83 305.52 441.29 463.16 329.40 463.53
frame00849.jpg 330.46 306.20 443.75 303.07 443.61 460.01 330.32 463.14
frame00850.jpg 330.12 306.42 443.24 303.46 442.99 460.54 329.88 463.50
frame00851.jpg 329.94 306.56 442.65 304.93 441.81 462.22 329.10 463.85
frame00852.jpg 329.36 306.27 442.38 305.79 442.45 465.64 329.43 466.12
frame00853.jpg 328.69 306.11 443.61 305.06 445.43 466.72 330.51 467.77
frame00854.jpg 328.45 306.10 443.78 305.08 445.98 467.58 330.65 468.60
frame00855.jpg 328.25 306.14 444.43 304.81 447.12 467.18 330.94 468.50
frame00856.jpg 328.31 306.40 444.15 304.70 446.32 466.26 330.48 467.96
frame00857.jpg 328.21 306.51 443.95 305.18 446.01 466.43 330.28 467.75
frame00858.jpg 328.18 306.53 443.13 306.80 444.11 468.57 329.16 468.30
frame00859.jpg 328.08 306.66 442.46 307.17 443.40 468.94 329.03 468.43
frame00860.jpg 327.72 306.57 442.95 306.98 444.70 469.73 329.47 469.32
frame00861.jpg 327.56 306.78 443.13 305.90 445.72 467.91 330.15 468.80
frame00862.jpg 327.49 307.03 442.99 305.16 445.93 466.23 330.43 468.10
frame00863.jpg 327.46 307.09 443.16 304.34 446.45 464.85 330.75 467.60
frame00864.jpg 327.52 307.33 442.47 304.30 445.31 464.25 330.36 467.28
frame00865.jpg 327.43 307.36 442.96 303.45 446.22 463.15 330.69 467.06
frame00866.jpg 327.32 307.26 443.29 303.62 446.76 463.71 330.79 467.35
frame00867.jpg 327.32 307.36 442.92 304.78 445.58 464.52 329.98 467.10
frame00868.jpg 327.37 307.58 442.63 304.79 444.80 463.83 329.54 466.62
frame00869.jpg 327.31 307.60 442.33 305.59 444.43 464.56 329.41 466.57
frame00870.jpg 327.22 307.52 442.28 305.79 444.52 465.11 329.46 466.84
frame00871.jpg 327.12 307.50 441.67 307.30 443.52 466.97 328.97 467.17
frame00872.jpg 327.02 307.49 441.33 307.18 443.39 467.31 329.09 467.62
frame00873.jpg 326.84 307.47 441.79 306.62 444.38 466.88 329.43 467.73
frame00874.jpg 326.77 307.74 441.32 305.90 444.08 465.40 329.54 467.24
frame00875.jpg 326.61 307.76 441.43 306.26 444.51 465.79 329.69 467.29
frame00876.jpg 326.53 307.86 441.48 305.58 444.98 465.01 330.03 467.29
frame00877.jpg 326.48 307.87 441.50 305.39 445.11 464.67 330.08 467.15
frame00878.jpg 326.55 307.94 441.54 304.88 445.11 463.92 330.12 466.98
frame00879.jpg 326.44 307.80 441.97 305.25 445.61 464.92 330.08 467.47
frame00880.jpg 326.42 307.76 441.71 305.65 445.39 465.64 330.10 467.75
frame00881.jpg 326.42 307.82 441.37 305.78 444.98 465.59 330.02 467.63
frame00882.jpg 326.36 307.91 441.65 304.99 445.68 464.59 330.38 467.51
frame00883.jpg 326.43 308.07 441.32 304.57 445.20 463.61 330.32 467.11
frame00884.jpg 326.37 308.10 441.15 305.14 444.65 464.57 329.87 467.52
frame00885.jpg 326.28 308.00 441.30 305.65 444.80 465.43 329.78 467.77
frame00886.jpg 326.28 308.08 441.30 305.36 444.80 464.96 329.78 467.68
frame00887.jpg 326.26 308.02 441.21 305.95 444.50 465.83 329.55 467.90
frame00888.jpg 326.25 308.03 441.17 305.72 444.60 465.67 329.68 467.98
frame00889.jpg 326.23 307.97 441.39 305.66 444.96 465.64 329.80 467.95
frame00890.jpg 326.26 308.01 441.18 305.97 444.47 466.06 329.55 468.10
frame00891.jpg 326.26 307.96 441.45 305.24 445.23 465.33 330.04 468.05
frame00892.jpg 326.32 307.95 441.21 305.94 444.60 465.89 329.72 467.90
frame00893.jpg 326.30 307.92 441.22 305.88 444.58 466.07 329.66 468.11
frame00894.jpg 326.38 308.04 441.30 305.25 444.73 464.68 329.81 467.46
frame00895.jpg 326.33 308.01 441.59 304.92 445.37 464.48 330.11 467.58
frame00896.jpg 326.20 307.80 441.77 305.90 445.48 466.55 329.91 468.45
frame00897.jpg 326.32 307.92 441.72 305.03 445.64 464.77 330.24 467.66
frame00898.jpg 326.25 307.79 442.05 305.10 446.18 465.40 330.38 468.09
frame00899.jpg 326.39 307.92 441.24 305.61 444.95 465.21 330.10 467.52
frame00900.jpg 326.33 307.94 441.49 305.22 445.27 465.07 330.11 467.79
frame00901.jpg 326.32 308.20 441.07 305.34 444.29 464.52 329.54 467.38
frame00902.jpg 326.11 308.16 441.00 307.11 443.52 467.48 328.63 468.53
frame00903.jpg 325.78 308.16 440.09 308.26 442.47 469.82 328.16 469.72
frame00904.jpg 325.34 308.37 440.84 306.47 444.72 467.64 329.23 469.55
frame00905.jpg 325.06 308.66 440.59 305.74 445.11 467.05 329.58 469.97
frame00906.jpg 324.90 308.78 440.60 306.60 445.01 467.67 329.31 469.85
frame00907.jpg 324.73 308.81 440.77 307.04 445.25 468.39 329.21 470.16
frame00908.jpg 324.82 308.90 440.49 307.17 444.48 467.92 328.81 469.65
frame00909.jpg 324.79 308.98 440.49 306.97 444.55 467.55 328.85 469.56
frame00910.jpg 324.60 308.75 440.54 308.14 444.56 470.01 328.62 470.62
frame00911.jpg 324.49 308.85 440.19 308.34 444.36 470.04 328.65 470.55
frame00912.jpg 324.21 309.25 440.12 307.31 444.56 468.45 328.66 470.39
frame00913.jpg 323.96 309.59 440.00 306.19 445.71 466.21 329.66 469.61
frame00914.jpg 323.79 309.61 439.93 306.86 445.92 466.81 329.77 469.56
frame00915.jpg 323.81 309.67 439.82 306.85 445.56 466.94 329.55 469.76
frame00916.jpg 323.79 309.56 440.21 306.40 446.26 466.59 329.84 469.75
frame00917.jpg 323.89 309.55 440.41 305.61 446.39 465.94 329.88 469.88
frame00918.jpg 323.93 309.48 440.24 306.25 445.98 466.62 329.67 469.85
frame00919.jpg 323.87 309.45 440.49 305.88 446.72 466.39 330.10 469.96
frame00920.jpg 323.84 309.47 440.46 305.90 446.69 466.30 330.07 469.88
frame00921.jpg 323.82 309.48 440.34 306.28 446.29 466.79 329.77 469.99
frame00922.jpg 323.85 309.57 440.20 305.90 446.32 466.06 329.98 469.73
frame00923.jpg 323.90 309.67 439.98 306.00 445.89 465.70 329.81 469.38
frame00924.jpg 323.77 309.44 440.32 306.28 446.66 466.93 330.11 470.09
frame00925.jpg 323.87 309.54 440.35 305.77 446.51 465.79 330.03 469.56
frame00926.jpg 323.77 309.45 440.32 306.66 446.31 467.42 329.76 470.21
frame00927.jpg 323.83 309.54 440.14 306.38 446.16 466.54 329.85 469.70
frame00928.jpg 323.82 309.63 440.30 305.69 446.53 465.64 330.05 469.58
frame00929.jpg 323.82 309.51 440.30 306.31 446.32 466.65 329.84 469.85
frame00930.jpg 323.86 309.64 439.97 306.38 445.85 466.54 329.74 469.80
frame00931.jpg 323.87 309.61 440.35 305.77 446.30 465.54 329.82 469.38
frame00932.jpg 323.79 309.50 440.21 306.58 446.19 467.05 329.77 469.98
